<?xml version="1.0" encoding="UTF-8"?>
<!DOCTYPE mapper PUBLIC "-//mybatis.org//DTD Mapper 3.0//EN" "http://mybatis.org/dtd/mybatis-3-mapper.dtd">
<mapper namespace="org.example.dams.mapper.GoodsMapper">

    <!-- 通用查询映射结果 -->
    <resultMap id="BaseResultMap" type="org.example.dams.entity.Goods">
        <id column="id" property="id" />
        <result column="name" property="name" />
        <result column="storage" property="storage" />
        <result column="goodsType" property="goodstype" />
        <result column="count" property="count" />
        <result column="remark" property="remark" />
    </resultMap>

    <!-- 通用查询结果列 -->
    <sql id="Base_Column_List">
        id, name, storage, goodsType, count, remark
    </sql>

    <select id="pageCC" resultType="org.example.dams.entity.Goods">
        select * from goods ${ew.customSqlSegment}
    </select>
</mapper>
