<?xml version="1.0" encoding="UTF-8"?>
<!DOCTYPE mapper PUBLIC "-//mybatis.org//DTD Mapper 3.0//EN" "http://mybatis.org/dtd/mybatis-3-mapper.dtd">
<mapper namespace="org.example.dams.mapper.RecordMapper">

    <!-- 通用查询映射结果 -->
    <resultMap id="BaseResultMap" type="org.example.dams.entity.Record">
        <id column="id" property="id" />
        <result column="goods" property="goods" />
        <result column="userId" property="userid" />
        <result column="admin_id" property="adminId" />
        <result column="count" property="count" />
        <result column="createtime" property="createtime" />
        <result column="remark" property="remark" />
    </resultMap>

    <!-- 通用查询结果列 -->
    <sql id="Base_Column_List">
        id, goods, userId, admin_id, count, createtime, remark
    </sql>

    <select id="pageCC" resultType="org.example.dams.entity.RecordRes">
        SELECT a.*,b.name goodsname,c.name storagename, d.name typename,
               (SELECT u.name FROM user u where u.id=a.userId) username,
               (SELECT u.name FROM user u where u.id=a.admin_id) adminname
        FROM record a ,goods b,storage c, goodstype d /*where a.goods=b.id
                                                        and b.`storage`=c.id and b.goodsType = d.id*/
        ${ew.customSqlSegment}
    </select>
</mapper>
